image_id,predicted_class
1.png,Cloud Cover
10.png,Moraine
100.png,Turbidity
101.png,Moraine
102.png,Cloud Cover
103.png,Cloud Cover
104.png,Cloud Cover
105.png,Turbidity
106.png,Terraine Shadow
107.png,Debris Cover
108.png,Terraine Shadow
109.png,Moraine
11.png,Cloud Cover
110.png,Terraine Shadow
111.png,Moraine
112.png,Snow Cover
113.png,Turbidity
114.png,Snow Cover
115.png,Turbidity
116.png,Turbidity
117.png,Terraine Shadow
118.png,Terraine Shadow
119.png,Turbidity
12.png,Terraine Shadow
120.png,Snow Cover
121.png,Snow Cover
122.png,Moraine
123.png,Moraine
124.png,Moraine
125.png,Turbidity
126.png,Terraine Shadow
127.png,Cloud Cover
128.png,Terraine Shadow
129.png,Terraine Shadow
13.png,Moraine
130.png,Terraine Shadow
131.png,Snow Cover
132.png,Turbidity
133.png,Moraine
134.png,Cloud Cover
135.png,Snow Cover
136.png,Moraine
137.png,Debris Cover
138.png,Debris Cover
139.png,Terraine Shadow
14.png,Snow Cover
140.png,Moraine
141.png,Snow Cover
142.png,Snow Cover
143.png,Turbidity
144.png,Debris Cover
145.png,Snow Cover
146.png,Terraine Shadow
147.png,Turbidity
148.png,Terraine Shadow
149.png,Moraine
15.png,Moraine
150.png,Terraine Shadow
151.png,Debris Cover
152.png,Terraine Shadow
153.png,Moraine
154.png,Turbidity
155.png,Cloud Cover
156.png,Turbidity
157.png,Turbidity
158.png,Moraine
159.png,Moraine
16.png,Snow Cover
160.png,Cloud Cover
161.png,Turbidity
162.png,Terraine Shadow
163.png,Snow Cover
164.png,Snow Cover
165.png,Cloud Cover
166.png,Snow Cover
167.png,Terraine Shadow
168.png,Snow Cover
169.png,Turbidity
17.png,Turbidity
170.png,Debris Cover
171.png,Turbidity
172.png,Moraine
173.png,Turbidity
174.png,Cloud Cover
175.png,Debris Cover
176.png,Cloud Cover
177.png,Snow Cover
178.png,Turbidity
179.png,Terraine Shadow
18.png,Moraine
180.png,Snow Cover
181.png,Cloud Cover
182.png,Cloud Cover
183.png,Debris Cover
184.png,Cloud Cover
185.png,Snow Cover
186.png,Snow Cover
187.png,Terraine Shadow
188.png,Turbidity
189.png,Terraine Shadow
19.png,Terraine Shadow
190.png,Turbidity
191.png,Debris Cover
192.png,Terraine Shadow
193.png,Cloud Cover
194.png,Terraine Shadow
195.png,Terraine Shadow
196.png,Turbidity
197.png,Moraine
198.png,Debris Cover
199.png,Terraine Shadow
2.png,Moraine
20.png,Debris Cover
200.png,Terraine Shadow
201.png,Turbidity
202.png,Debris Cover
203.png,Cloud Cover
204.png,Cloud Cover
205.png,Turbidity
206.png,Cloud Cover
207.png,Turbidity
208.png,Moraine
209.png,Debris Cover
21.png,Debris Cover
210.png,Snow Cover
211.png,Cloud Cover
212.png,Terraine Shadow
213.png,Turbidity
214.png,Terraine Shadow
215.png,Snow Cover
216.png,Terraine Shadow
217.png,Snow Cover
218.png,Snow Cover
219.png,Turbidity
22.png,Terraine Shadow
220.png,Snow Cover
221.png,Moraine
222.png,Terraine Shadow
223.png,Cloud Cover
224.png,Debris Cover
225.png,Cloud Cover
226.png,Cloud Cover
227.png,Terraine Shadow
228.png,Terraine Shadow
229.png,Snow Cover
23.png,Turbidity
230.png,Debris Cover
231.png,Snow Cover
232.png,Turbidity
233.png,Turbidity
234.png,Cloud Cover
235.png,Snow Cover
236.png,Cloud Cover
237.png,Snow Cover
238.png,Snow Cover
239.png,Snow Cover
24.png,Turbidity
240.png,Cloud Cover
241.png,Moraine
242.png,Moraine
243.png,Cloud Cover
244.png,Moraine
245.png,Turbidity
246.png,Debris Cover
247.png,Snow Cover
248.png,Turbidity
249.png,Snow Cover
25.png,Terraine Shadow
250.png,Terraine Shadow
251.png,Snow Cover
252.png,Moraine
253.png,Turbidity
254.png,Moraine
255.png,Moraine
256.png,Turbidity
257.png,Terraine Shadow
258.png,Moraine
259.png,Snow Cover
26.png,Cloud Cover
260.png,Cloud Cover
261.png,Cloud Cover
262.png,Turbidity
263.png,Snow Cover
264.png,Moraine
265.png,Cloud Cover
266.png,Debris Cover
267.png,Moraine
268.png,Snow Cover
269.png,Turbidity
27.png,Turbidity
270.png,Turbidity
271.png,Moraine
272.png,Turbidity
273.png,Turbidity
274.png,Turbidity
275.png,Snow Cover
276.png,Turbidity
277.png,Moraine
278.png,Turbidity
279.png,Terraine Shadow
28.png,Cloud Cover
280.png,Terraine Shadow
281.png,Turbidity
282.png,Moraine
283.png,Terraine Shadow
284.png,Snow Cover
285.png,Terraine Shadow
286.png,Terraine Shadow
287.png,Moraine
288.png,Moraine
289.png,Terraine Shadow
29.png,Cloud Cover
290.png,Moraine
291.png,Cloud Cover
292.png,Moraine
293.png,Debris Cover
294.png,Turbidity
295.png,Debris Cover
296.png,Terraine Shadow
297.png,Snow Cover
298.png,Debris Cover
299.png,Debris Cover
3.png,Moraine
30.png,Cloud Cover
300.png,Turbidity
301.png,Snow Cover
302.png,Terraine Shadow
303.png,Snow Cover
304.png,Debris Cover
305.png,Cloud Cover
306.png,Cloud Cover
307.png,Turbidity
308.png,Terraine Shadow
309.png,Terraine Shadow
31.png,Cloud Cover
310.png,Turbidity
311.png,Turbidity
312.png,Snow Cover
313.png,Terraine Shadow
314.png,Terraine Shadow
315.png,Cloud Cover
316.png,Snow Cover
317.png,Snow Cover
318.png,Snow Cover
319.png,Turbidity
32.png,Snow Cover
320.png,Turbidity
321.png,Turbidity
322.png,Turbidity
323.png,Moraine
324.png,Cloud Cover
325.png,Moraine
326.png,Cloud Cover
327.png,Debris Cover
328.png,Debris Cover
329.png,Cloud Cover
33.png,Moraine
330.png,Terraine Shadow
331.png,Terraine Shadow
332.png,Snow Cover
333.png,Cloud Cover
334.png,Turbidity
335.png,Debris Cover
336.png,Terraine Shadow
337.png,Debris Cover
338.png,Terraine Shadow
339.png,Cloud Cover
34.png,Moraine
340.png,Moraine
341.png,Turbidity
342.png,Cloud Cover
343.png,Cloud Cover
344.png,Snow Cover
345.png,Turbidity
346.png,Snow Cover
347.png,Terraine Shadow
348.png,Snow Cover
349.png,Snow Cover
35.png,Turbidity
350.png,Moraine
351.png,Moraine
352.png,Cloud Cover
353.png,Cloud Cover
354.png,Moraine
355.png,Turbidity
356.png,Turbidity
357.png,Cloud Cover
358.png,Turbidity
359.png,Snow Cover
36.png,Terraine Shadow
360.png,Moraine
361.png,Turbidity
362.png,Moraine
363.png,Snow Cover
364.png,Terraine Shadow
365.png,Cloud Cover
366.png,Cloud Cover
367.png,Turbidity
368.png,Terraine Shadow
369.png,Cloud Cover
37.png,Moraine
370.png,Cloud Cover
371.png,Cloud Cover
372.png,Terraine Shadow
373.png,Cloud Cover
374.png,Cloud Cover
375.png,Cloud Cover
376.png,Moraine
377.png,Terraine Shadow
378.png,Moraine
379.png,Snow Cover
38.png,Turbidity
380.png,Terraine Shadow
381.png,Snow Cover
382.png,Terraine Shadow
383.png,Cloud Cover
384.png,Debris Cover
385.png,Terraine Shadow
386.png,Cloud Cover
387.png,Terraine Shadow
388.png,Debris Cover
389.png,Terraine Shadow
39.png,Moraine
390.png,Turbidity
391.png,Moraine
392.png,Turbidity
393.png,Terraine Shadow
394.png,Turbidity
395.png,Terraine Shadow
396.png,Cloud Cover
397.png,Snow Cover
398.png,Cloud Cover
399.png,Snow Cover
4.png,Snow Cover
40.png,Moraine
400.png,Turbidity
401.png,Snow Cover
402.png,Snow Cover
403.png,Terraine Shadow
404.png,Moraine
405.png,Turbidity
406.png,Cloud Cover
407.png,Debris Cover
408.png,Snow Cover
409.png,Moraine
41.png,Moraine
410.png,Terraine Shadow
411.png,Terraine Shadow
412.png,Moraine
413.png,Snow Cover
414.png,Moraine
415.png,Debris Cover
416.png,Moraine
417.png,Cloud Cover
418.png,Moraine
419.png,Terraine Shadow
42.png,Moraine
420.png,Terraine Shadow
421.png,Snow Cover
422.png,Debris Cover
423.png,Turbidity
424.png,Snow Cover
425.png,Moraine
426.png,Moraine
427.png,Moraine
428.png,Cloud Cover
429.png,Snow Cover
43.png,Snow Cover
430.png,Cloud Cover
431.png,Cloud Cover
432.png,Moraine
433.png,Moraine
434.png,Moraine
435.png,Snow Cover
436.png,Turbidity
437.png,Snow Cover
438.png,Debris Cover
439.png,Debris Cover
44.png,Turbidity
440.png,Cloud Cover
441.png,Moraine
442.png,Terraine Shadow
443.png,Turbidity
444.png,Moraine
445.png,Cloud Cover
446.png,Terraine Shadow
447.png,Terraine Shadow
448.png,Debris Cover
449.png,Snow Cover
45.png,Turbidity
450.png,Terraine Shadow
451.png,Moraine
452.png,Moraine
453.png,Terraine Shadow
454.png,Snow Cover
455.png,Turbidity
456.png,Cloud Cover
457.png,Snow Cover
458.png,Snow Cover
459.png,Debris Cover
46.png,Moraine
460.png,Snow Cover
461.png,Moraine
462.png,Debris Cover
463.png,Cloud Cover
464.png,Terraine Shadow
465.png,Turbidity
466.png,Debris Cover
467.png,Turbidity
468.png,Terraine Shadow
469.png,Moraine
47.png,Terraine Shadow
470.png,Turbidity
471.png,Turbidity
472.png,Turbidity
473.png,Terraine Shadow
474.png,Moraine
475.png,Cloud Cover
476.png,Terraine Shadow
477.png,Cloud Cover
478.png,Turbidity
479.png,Moraine
48.png,Turbidity
480.png,Terraine Shadow
481.png,Snow Cover
482.png,Turbidity
483.png,Moraine
484.png,Terraine Shadow
485.png,Terraine Shadow
486.png,Moraine
487.png,Turbidity
488.png,Turbidity
489.png,Moraine
49.png,Moraine
490.png,Cloud Cover
491.png,Moraine
492.png,Terraine Shadow
493.png,Turbidity
494.png,Turbidity
495.png,Terraine Shadow
496.png,Debris Cover
497.png,Moraine
498.png,Terraine Shadow
499.png,Terraine Shadow
5.png,Moraine
50.png,Moraine
500.png,Turbidity
501.png,Snow Cover
502.png,Debris Cover
503.png,Debris Cover
504.png,Snow Cover
505.png,Snow Cover
506.png,Cloud Cover
507.png,Cloud Cover
508.png,Debris Cover
509.png,Snow Cover
51.png,Turbidity
510.png,Terraine Shadow
511.png,Snow Cover
512.png,Turbidity
513.png,Moraine
514.png,Snow Cover
515.png,Debris Cover
516.png,Terraine Shadow
517.png,Moraine
518.png,Turbidity
519.png,Snow Cover
52.png,Terraine Shadow
520.png,Terraine Shadow
521.png,Terraine Shadow
522.png,Cloud Cover
523.png,Terraine Shadow
524.png,Turbidity
525.png,Debris Cover
526.png,Turbidity
527.png,Snow Cover
528.png,Turbidity
529.png,Terraine Shadow
53.png,Cloud Cover
530.png,Snow Cover
531.png,Cloud Cover
532.png,Snow Cover
533.png,Snow Cover
534.png,Snow Cover
535.png,Turbidity
536.png,Snow Cover
537.png,Turbidity
538.png,Cloud Cover
539.png,Terraine Shadow
54.png,Turbidity
540.png,Snow Cover
541.png,Turbidity
542.png,Debris Cover
543.png,Snow Cover
544.png,Cloud Cover
545.png,Moraine
546.png,Turbidity
547.png,Terraine Shadow
548.png,Turbidity
549.png,Cloud Cover
55.png,Terraine Shadow
550.png,Cloud Cover
551.png,Terraine Shadow
552.png,Snow Cover
553.png,Moraine
554.png,Terraine Shadow
555.png,Snow Cover
556.png,Turbidity
557.png,Cloud Cover
558.png,Terraine Shadow
559.png,Turbidity
56.png,Turbidity
560.png,Snow Cover
561.png,Snow Cover
562.png,Terraine Shadow
563.png,Cloud Cover
564.png,Terraine Shadow
565.png,Terraine Shadow
566.png,Snow Cover
567.png,Debris Cover
568.png,Cloud Cover
569.png,Turbidity
57.png,Moraine
570.png,Snow Cover
571.png,Debris Cover
572.png,Snow Cover
573.png,Terraine Shadow
574.png,Snow Cover
575.png,Terraine Shadow
58.png,Terraine Shadow
59.png,Terraine Shadow
6.png,Turbidity
60.png,Snow Cover
61.png,Snow Cover
62.png,Turbidity
63.png,Turbidity
64.png,Turbidity
65.png,Moraine
66.png,Terraine Shadow
67.png,Cloud Cover
68.png,Turbidity
69.png,Moraine
7.png,Snow Cover
70.png,Snow Cover
71.png,Snow Cover
72.png,Snow Cover
73.png,Snow Cover
74.png,Debris Cover
75.png,Turbidity
76.png,Terraine Shadow
77.png,Turbidity
78.png,Moraine
79.png,Snow Cover
8.png,Snow Cover
80.png,Terraine Shadow
81.png,Terraine Shadow
82.png,Turbidity
83.png,Turbidity
84.png,Terraine Shadow
85.png,Turbidity
86.png,Turbidity
87.png,Snow Cover
88.png,Turbidity
89.png,Debris Cover
9.png,Snow Cover
90.png,Moraine
91.png,Moraine
92.png,Cloud Cover
93.png,Turbidity
94.png,Debris Cover
95.png,Moraine
96.png,Terraine Shadow
97.png,Terraine Shadow
98.png,Moraine
99.png,Debris Cover
